{"695":{"damks_vlist":[51,21,50,4,42,6,7,39,34,33,11,12,13,15,23],"damks_density":5.266666666666667,"size":51,"edges":[[1,51],[2,7],[2,17],[2,25],[2,28],[2,31],[2,36],[2,44],[2,51],[3,51],[4,7],[4,11],[4,12],[4,13],[4,15],[4,21],[4,23],[4,28],[4,30],[4,33],[4,42],[4,51],[5,11],[5,12],[5,27],[5,42],[5,51],[6,11],[6,12],[6,13],[6,15],[6,39],[6,42],[6,51],[7,11],[7,12],[7,13],[7,17],[7,18],[7,20],[7,21],[7,22],[7,27],[7,28],[7,31],[7,32],[7,36],[7,39],[7,42],[7,43],[7,44],[7,46],[7,47],[7,50],[7,51],[8,51],[9,51],[10,51],[11,12],[11,13],[11,15],[11,21],[11,23],[11,30],[11,33],[11,34],[11,39],[11,42],[11,50],[11,51],[12,13],[12,15],[12,21],[12,23],[12,33],[12,34],[12,42],[12,50],[12,51],[13,15],[13,28],[13,30],[13,33],[13,39],[13,42],[13,48],[13,51],[14,51],[15,21],[15,23],[15,30],[15,33],[15,34],[15,39],[15,42],[15,50],[15,51],[16,51],[17,25],[17,36],[17,51],[18,28],[18,43],[18,49],[18,51],[19,51],[20,46],[20,51],[21,23],[21,28],[21,33],[21,34],[21,42],[21,50],[21,51],[22,27],[22,51],[23,33],[23,34],[23,39],[23,42],[23,50],[23,51],[24,41],[24,51],[25,51],[26,42],[26,51],[27,36],[27,51],[28,39],[28,43],[28,44],[28,46],[28,47],[28,51],[29,51],[30,42],[30,51],[31,32],[31,51],[32,51],[33,34],[33,51],[34,42],[34,51],[35,51],[36,51],[37,47],[37,51],[38,51],[39,42],[39,51],[40,51],[41,51],[42,50],[42,51],[43,49],[43,51],[44,51],[45,51],[46,47],[46,51],[47,51],[48,51],[49,51],[50,51]]},"367":{"damks_vlist":[39,4,5,26,7,37,10,11,35,33,32,31,23,24,27],"damks_density":3.6666666666666665,"size":39,"edges":[[1,16],[1,28],[1,36],[1,39],[2,9],[2,13],[2,16],[2,28],[2,29],[2,36],[2,39],[3,20],[3,35],[3,39],[4,10],[4,23],[4,33],[4,35],[4,39],[5,7],[5,10],[5,26],[5,27],[5,35],[5,37],[5,39],[6,38],[6,39],[7,10],[7,24],[7,31],[7,33],[7,35],[7,39],[8,39],[9,28],[9,39],[10,12],[10,15],[10,24],[10,26],[10,28],[10,31],[10,32],[10,33],[10,38],[10,39],[11,12],[11,20],[11,24],[11,26],[11,28],[11,32],[11,33],[11,39],[12,35],[12,39],[13,16],[13,28],[13,29],[13,36],[13,39],[14,39],[15,20],[15,23],[15,29],[15,35],[15,36],[15,37],[15,39],[16,29],[16,39],[17,39],[18,39],[19,39],[20,31],[20,32],[20,33],[20,39],[21,39],[22,39],[23,26],[23,27],[23,31],[23,33],[23,37],[23,39],[24,26],[24,33],[24,39],[25,39],[26,30],[26,37],[26,39],[27,31],[27,32],[27,33],[27,39],[28,37],[28,39],[29,36],[29,39],[30,39],[31,37],[31,39],[32,33],[32,35],[32,37],[32,39],[33,35],[33,37],[33,39],[34,35],[34,39],[35,38],[35,39],[36,39],[37,39],[38,39]]},"74":{"damks_vlist":[30,2,28,6,7,26,9,25,24,13,14,15,22,17,20],"damks_density":4.666666666666667,"size":30,"edges":[[1,30],[2,17],[2,24],[2,25],[2,28],[2,30],[3,17],[3,30],[4,6],[4,9],[4,17],[4,19],[4,30],[5,13],[5,17],[5,18],[5,21],[5,25],[5,30],[6,9],[6,10],[6,17],[6,22],[6,25],[6,26],[6,28],[6,30],[7,15],[7,17],[7,19],[7,22],[7,25],[7,26],[7,28],[7,30],[8,9],[8,17],[8,28],[8,30],[9,13],[9,14],[9,17],[9,19],[9,25],[9,26],[9,28],[9,30],[10,17],[10,19],[10,22],[10,30],[11,30],[12,17],[12,25],[12,26],[12,30],[13,17],[13,18],[13,21],[13,22],[13,24],[13,25],[13,28],[13,30],[14,15],[14,17],[14,22],[14,25],[14,26],[14,28],[14,30],[15,17],[15,22],[15,25],[15,26],[15,28],[15,30],[16,17],[16,30],[17,20],[17,21],[17,22],[17,23],[17,24],[17,25],[17,26],[17,27],[17,28],[17,30],[18,21],[18,24],[18,27],[18,30],[19,20],[19,30],[20,22],[20,25],[20,26],[20,28],[20,30],[21,27],[21,30],[22,25],[22,26],[22,28],[22,30],[23,26],[23,28],[23,30],[24,25],[24,28],[24,30],[25,26],[25,28],[25,30],[26,28],[26,30],[27,30],[28,30],[29,30]]},"729":{"damks_vlist":[2,3,4,5,32,31,27,22,11,13,20,15,16,24,18],"damks_density":4.866666666666666,"size":32,"edges":[[1,3],[1,12],[1,24],[1,31],[1,32],[2,3],[2,13],[2,16],[2,20],[2,22],[2,24],[2,31],[2,32],[3,4],[3,5],[3,11],[3,12],[3,13],[3,15],[3,16],[3,18],[3,20],[3,24],[3,25],[3,27],[3,31],[3,32],[4,5],[4,10],[4,11],[4,16],[4,18],[4,20],[4,21],[4,24],[4,27],[4,31],[4,32],[5,16],[5,20],[5,24],[5,31],[5,32],[6,28],[6,32],[7,9],[7,25],[7,30],[7,32],[8,32],[9,11],[9,25],[9,30],[9,31],[9,32],[10,15],[10,16],[10,27],[10,32],[11,13],[11,14],[11,16],[11,18],[11,20],[11,21],[11,23],[11,24],[11,31],[11,32],[12,18],[12,24],[12,31],[12,32],[13,18],[13,20],[13,22],[13,24],[13,32],[14,32],[15,16],[15,18],[15,24],[15,27],[15,32],[16,18],[16,20],[16,22],[16,23],[16,24],[16,27],[16,31],[16,32],[17,32],[18,20],[18,24],[18,31],[18,32],[19,31],[19,32],[20,22],[20,23],[20,24],[20,26],[20,31],[20,32],[21,27],[21,32],[22,23],[22,24],[22,32],[23,24],[23,32],[24,27],[24,31],[24,32],[25,30],[25,32],[26,32],[27,32],[28,32],[29,32],[30,32],[31,32]]},"762":{"damks_vlist":[42,41,3,4,40,6,37,33,10,31,18,13,29,27,16],"damks_density":4.666666666666667,"size":42,"edges":[[1,42],[2,17],[2,42],[3,4],[3,6],[3,12],[3,18],[3,27],[3,29],[3,30],[3,31],[3,37],[3,39],[3,40],[3,41],[3,42],[4,6],[4,8],[4,10],[4,11],[4,16],[4,18],[4,23],[4,27],[4,29],[4,31],[4,33],[4,36],[4,37],[4,41],[4,42],[5,6],[5,10],[5,16],[5,42],[6,10],[6,13],[6,16],[6,19],[6,24],[6,26],[6,33],[6,36],[6,37],[6,41],[6,42],[7,10],[7,31],[7,33],[7,42],[8,20],[8,42],[9,42],[10,16],[10,18],[10,23],[10,24],[10,27],[10,29],[10,33],[10,37],[10,41],[10,42],[11,42],[12,14],[12,28],[12,31],[12,37],[12,42],[13,16],[13,18],[13,23],[13,27],[13,36],[13,41],[13,42],[14,28],[14,31],[14,42],[15,42],[16,24],[16,33],[16,37],[16,41],[16,42],[17,38],[17,42],[18,27],[18,29],[18,30],[18,31],[18,37],[18,39],[18,40],[18,41],[18,42],[19,42],[20,42],[21,42],[22,42],[23,37],[23,42],[24,42],[25,42],[26,37],[26,42],[27,29],[27,40],[27,41],[27,42],[28,31],[28,42],[29,40],[29,41],[29,42],[30,41],[30,42],[31,40],[31,41],[31,42],[32,34],[32,42],[33,37],[33,41],[33,42],[34,42],[35,42],[36,37],[36,42],[37,41],[37,42],[38,42],[39,42],[40,41],[40,42],[41,42]]},"593":{"damks_vlist":[1,32,31,20,29,28,25,8,9,11,12,15,16,17,23],"damks_density":4.466666666666667,"size":32,"edges":[[1,7],[1,12],[1,15],[1,16],[1,17],[1,32],[2,32],[3,6],[3,32],[4,12],[4,20],[4,32],[5,23],[5,30],[5,31],[5,32],[6,32],[7,24],[7,32],[8,11],[8,16],[8,17],[8,20],[8,21],[8,23],[8,24],[8,28],[8,29],[8,31],[8,32],[9,15],[9,16],[9,17],[9,20],[9,25],[9,32],[10,32],[11,13],[11,14],[11,16],[11,17],[11,20],[11,23],[11,28],[11,29],[11,31],[11,32],[12,15],[12,16],[12,17],[12,20],[12,25],[12,32],[13,14],[13,17],[13,20],[13,29],[13,32],[14,20],[14,21],[14,29],[14,30],[14,32],[15,16],[15,17],[15,25],[15,32],[16,17],[16,18],[16,19],[16,20],[16,25],[16,31],[16,32],[17,18],[17,20],[17,21],[17,22],[17,23],[17,25],[17,28],[17,29],[17,31],[17,32],[18,20],[18,32],[19,32],[20,23],[20,25],[20,28],[20,29],[20,30],[20,31],[20,32],[21,23],[21,29],[21,32],[22,31],[22,32],[23,24],[23,25],[23,28],[23,29],[23,31],[23,32],[24,31],[24,32],[25,32],[26,32],[27,32],[28,29],[28,32],[29,31],[29,32],[30,31],[30,32],[31,32]]},"642":{"damks_vlist":[1,2,38,4,5,8,11,12,13,14,32,31,30,23,24],"damks_density":3.6,"size":38,"edges":[[1,2],[1,14],[1,23],[1,30],[1,38],[2,4],[2,8],[2,11],[2,16],[2,17],[2,18],[2,21],[2,22],[2,24],[2,30],[2,31],[2,32],[2,36],[2,38],[3,14],[3,38],[4,12],[4,13],[4,14],[4,24],[4,25],[4,38],[5,8],[5,12],[5,23],[5,32],[5,38],[6,38],[7,9],[7,15],[7,19],[7,34],[7,38],[8,14],[8,23],[8,36],[8,38],[9,19],[9,34],[9,38],[10,19],[10,38],[11,13],[11,14],[11,23],[11,24],[11,27],[11,28],[11,38],[12,24],[12,25],[12,31],[12,32],[12,38],[13,14],[13,20],[13,22],[13,23],[13,24],[13,25],[13,31],[13,33],[13,38],[14,21],[14,22],[14,23],[14,26],[14,30],[14,31],[14,32],[14,33],[14,37],[14,38],[15,19],[15,21],[15,38],[16,37],[16,38],[17,38],[18,38],[19,29],[19,34],[19,38],[20,32],[20,38],[21,23],[21,30],[21,38],[22,25],[22,38],[23,24],[23,30],[23,32],[23,33],[23,38],[24,38],[25,29],[25,33],[25,38],[26,38],[27,38],[28,38],[29,38],[30,38],[31,32],[31,38],[32,38],[33,38],[34,38],[35,37],[35,38],[36,38],[37,38]]},"744":{"damks_vlist":[1,34,5,32,31,28,21,11,12,26,25,23,16,17,19],"damks_density":4.4,"size":34,